1/1/2011,4:00:00,Germany                         ,Low Volatility Expected         ,German CPI                                                                                                      ,,% ,1.3,  ,1.5
1/14/2011,2:00:00,Germany                         ,Moderate Volatility Expected    ,German CPI                                                                                                      ,In Line with Expectation        ,% ,1,1,1
1/27/2011,8:00:00,Germany                         ,Moderate Volatility Expected    ,German CPI                                                                                                      ,Worse Than Expected             ,% ,-0.5,-0.3,1
2/1/2011,4:00:00,Germany                         ,Low Volatility Expected         ,German CPI                                                                                                      ,,% ,1.7,  ,1.3
2/11/2011,2:00:00,Germany                         ,Moderate Volatility Expected    ,German CPI                                                                                                      ,Better Than Expected            ,% ,-0.4,-0.5,-0.5
2/25/2011,8:20:00,Germany                         ,Moderate Volatility Expected    ,German CPI                                                                                                      ,In Line with Expectation        ,% ,0.5,0.5,-0.4
3/1/2011,4:00:00,Germany                         ,Low Volatility Expected         ,German CPI                                                                                                      ,,% ,1.9,  ,1.7
3/11/2011,2:00:00,Germany                         ,Moderate Volatility Expected    ,German CPI                                                                                                      ,In Line with Expectation        ,% ,0.5,0.5,0.5
3/29/2011,8:00:00,Germany                         ,Moderate Volatility Expected    ,German CPI                                                                                                      ,Better Than Expected            ,% ,0.5,0.4,0.5
4/1/2011,4:00:00,Germany                         ,Low Volatility Expected         ,German CPI                                                                                                      ,,% ,2,  ,1.9
4/12/2011,1:00:00,Germany                         ,Moderate Volatility Expected    ,German CPI                                                                                                      ,In Line with Expectation        ,% ,0.5,0.5,0.5
4/27/2011,7:10:00,Germany                         ,Moderate Volatility Expected    ,German CPI                                                                                                      ,In Line with Expectation        ,% ,0.2,0.2,0.5
5/1/2011,4:00:00,Germany                         ,Low Volatility Expected         ,German CPI                                                                                                      ,,% ,1.9,  ,2
5/11/2011,1:00:00,Germany                         ,Moderate Volatility Expected    ,German CPI                                                                                                      ,Worse Than Expected             ,% ,0.2,0.3,0.2
5/27/2011,7:20:00,Germany                         ,Moderate Volatility Expected    ,German CPI                                                                                                      ,In Line with Expectation        ,% ,0,0,0.2
6/1/2011,4:00:00,Germany                         ,Low Volatility Expected         ,German CPI                                                                                                      ,,% ,2,  ,1.9
6/10/2011,1:00:00,Germany                         ,Moderate Volatility Expected    ,German CPI                                                                                                      ,In Line with Expectation        ,% ,0,0,0
6/28/2011,7:30:00,Germany                         ,Moderate Volatility Expected    ,German CPI                                                                                                      ,In Line with Expectation        ,% ,0.1,0.1,0
7/1/2011,4:00:00,Germany                         ,Low Volatility Expected         ,German CPI                                                                                                      ,,% ,2.1,  ,2
7/12/2011,1:00:00,Germany                         ,Moderate Volatility Expected    ,German CPI                                                                                                      ,In Line with Expectation        ,% ,0.1,0.1,0.1
7/27/2011,7:00:00,Germany                         ,Moderate Volatility Expected    ,German CPI                                                                                                      ,Better Than Expected            ,% ,0.4,0.3,0.1
8/1/2011,4:00:00,Germany                         ,Low Volatility Expected         ,German CPI                                                                                                      ,,% ,2.1,  ,2.1
8/10/2011,1:00:00,Germany                         ,Moderate Volatility Expected    ,German CPI                                                                                                      ,In Line with Expectation        ,% ,0.4,0.4,0.4
8/29/2011,7:00:00,Germany                         ,Moderate Volatility Expected    ,German CPI                                                                                                      ,Worse Than Expected             ,% ,-0.1,0,0.4
9/1/2011,4:00:00,Germany                         ,Low Volatility Expected         ,German CPI                                                                                                      ,,% ,2.1,  ,2.1
9/9/2011,1:00:00,Germany                         ,Moderate Volatility Expected    ,German CPI                                                                                                      ,Better Than Expected            ,% ,0,-0.1,-0.1
9/28/2011,7:00:00,Germany                         ,Moderate Volatility Expected    ,German CPI                                                                                                      ,Better Than Expected            ,% ,0.1,-0.1,0
10/1/2011,4:00:00,Germany                         ,Low Volatility Expected         ,German CPI                                                                                                      ,,% ,2.4,  ,2.1
10/13/2011,1:00:00,Germany                         ,Moderate Volatility Expected    ,German CPI                                                                                                      ,In Line with Expectation        ,% ,0.1,0.1,0.1
10/27/2011,7:00:00,Germany                         ,Moderate Volatility Expected    ,German CPI                                                                                                      ,Worse Than Expected             ,% ,0,0.1,0.1
11/1/2011,4:00:00,Germany                         ,Low Volatility Expected         ,German CPI                                                                                                      ,,% ,2.3,  ,2.4
11/10/2011,2:00:00,Germany                         ,Moderate Volatility Expected    ,German CPI                                                                                                      ,In Line with Expectation        ,% ,0,0,0
11/28/2011,8:00:00,Germany                         ,Moderate Volatility Expected    ,German CPI                                                                                                      ,Worse Than Expected             ,% ,0,0.1,0
12/1/2011,4:00:00,Germany                         ,Low Volatility Expected         ,German CPI                                                                                                      ,,% ,2.4,  ,2.3
12/9/2011,2:00:00,Germany                         ,Moderate Volatility Expected    ,German CPI                                                                                                      ,In Line with Expectation        ,% ,0,0,0
12/29/2011,8:00:00,Germany                         ,Moderate Volatility Expected    ,German CPI                                                                                                      ,Worse Than Expected             ,% ,0.7,0.8,0
1/1/2012,4:00:00,Germany                         ,Low Volatility Expected         ,German CPI                                                                                                      ,,% ,2,  ,2.4
1/12/2012,2:00:00,Germany                         ,Moderate Volatility Expected    ,German CPI                                                                                                      ,In Line with Expectation        ,% ,0.7,0.7,0.7
1/30/2012,8:00:00,Germany                         ,Moderate Volatility Expected    ,German CPI                                                                                                      ,Better Than Expected            ,% ,-0.4,-0.5,0.7
2/1/2012,4:00:00,Germany                         ,Low Volatility Expected         ,German CPI                                                                                                      ,,% ,2.1,  ,2
2/10/2012,2:00:00,Germany                         ,Moderate Volatility Expected    ,German CPI                                                                                                      ,In Line with Expectation        ,% ,-0.4,-0.4,-0.4
2/28/2012,8:30:00,Germany                         ,Moderate Volatility Expected    ,German CPI                                                                                                      ,Better Than Expected            ,% ,0.7,0.5,-0.4
3/1/2012,4:00:00,Germany                         ,Low Volatility Expected         ,German CPI                                                                                                      ,,% ,2.2,  ,2.1
3/9/2012,2:00:00,Germany                         ,Moderate Volatility Expected    ,German CPI                                                                                                      ,In Line with Expectation        ,% ,0.7,0.7,0.7
3/28/2012,7:00:00,Germany                         ,Moderate Volatility Expected    ,German CPI                                                                                                      ,In Line with Expectation        ,% ,0.3,0.3,0.7
4/1/2012,4:00:00,Germany                         ,Low Volatility Expected         ,German CPI                                                                                                      ,,% ,2.2,  ,2.2
4/13/2012,1:00:00,Germany                         ,Moderate Volatility Expected    ,German CPI                                                                                                      ,In Line with Expectation        ,% ,0.3,0.3,0.3
4/26/2012,7:00:00,Germany                         ,Moderate Volatility Expected    ,German CPI                                                                                                      ,In Line with Expectation        ,% ,0.1,0.1,0.3
5/11/2012,1:00:00,Germany                         ,Moderate Volatility Expected    ,German CPI                                                                                                      ,Better Than Expected            ,% ,0.2,0.1,0.1
5/29/2012,7:00:00,Germany                         ,Moderate Volatility Expected    ,German CPI                                                                                                      ,Worse Than Expected             ,% ,-0.2,-0.1,0.2
6/13/2012,1:00:00,Germany                         ,Moderate Volatility Expected    ,German CPI                                                                                                      ,In Line with Expectation        ,% ,-0.2,-0.2,-0.2
6/27/2012,7:00:00,Germany                         ,Moderate Volatility Expected    ,German CPI                                                                                                      ,Worse Than Expected             ,% ,-0.1,0,-0.2
7/11/2012,1:00:00,Germany                         ,Moderate Volatility Expected    ,German CPI                                                                                                      ,In Line with Expectation        ,% ,-0.1,-0.1,-0.1
7/27/2012,7:00:00,Germany                         ,Moderate Volatility Expected    ,German CPI                                                                                                      ,In Line with Expectation        ,% ,0.4,0.4,-0.1
8/10/2012,1:00:00,Germany                         ,Moderate Volatility Expected    ,German CPI                                                                                                      ,In Line with Expectation        ,% ,0.4,0.4,0.4
8/29/2012,7:00:00,Germany                         ,Moderate Volatility Expected    ,German CPI                                                                                                      ,Better Than Expected            ,% ,0.3,0.2,0.4
9/12/2012,1:00:00,Germany                         ,Moderate Volatility Expected    ,German CPI                                                                                                      ,Better Than Expected            ,% ,0.4,0.3,0.3
9/26/2012,7:00:00,Germany                         ,Moderate Volatility Expected    ,German CPI                                                                                                      ,In Line with Expectation        ,% ,0,0,0.4
10/11/2012,1:00:00,Germany                         ,Moderate Volatility Expected    ,German CPI                                                                                                      ,In Line with Expectation        ,% ,0,0,0.4
10/29/2012,8:00:00,Germany                         ,Moderate Volatility Expected    ,German CPI                                                                                                      ,In Line with Expectation        ,% ,0,0,0
11/9/2012,2:00:00,Germany                         ,Moderate Volatility Expected    ,German CPI                                                                                                      ,In Line with Expectation        ,% ,0,0,0
11/28/2012,8:00:00,Germany                         ,Moderate Volatility Expected    ,German CPI                                                                                                      ,In Line with Expectation        ,% ,-0.1,-0.1,0
12/12/2012,2:00:00,Germany                         ,Moderate Volatility Expected    ,German CPI                                                                                                      ,In Line with Expectation        ,% ,-0.1,-0.1,-0.1
1/2/2013,8:00:00,Germany                         ,Moderate Volatility Expected    ,German CPI                                                                                                      ,Better Than Expected            ,% ,0.9,0.7,-0.1
1/15/2013,2:00:00,Germany                         ,Moderate Volatility Expected    ,German CPI                                                                                                      ,Better Than Expected            ,% ,0.9,0,0.9
1/31/2013,8:00:00,Germany                         ,Moderate Volatility Expected    ,German CPI                                                                                                      ,Worse Than Expected             ,% ,-0.5,-0.4,0.9
2/20/2013,2:00:00,Germany                         ,Moderate Volatility Expected    ,German CPI                                                                                                      ,In Line with Expectation        ,% ,-0.5,-0.5,-0.5
2/28/2013,8:00:00,Germany                         ,Moderate Volatility Expected    ,German CPI                                                                                                      ,Worse Than Expected             ,% ,0.6,0.7,-0.5
3/12/2013,2:00:00,Germany                         ,Moderate Volatility Expected    ,German CPI                                                                                                      ,In Line with Expectation        ,% ,0.6,0.6,0.6
4/2/2013,7:00:00,Germany                         ,Moderate Volatility Expected    ,German CPI                                                                                                      ,Better Than Expected            ,% ,0.5,0.4,0.6
4/11/2013,1:00:00,Germany                         ,Moderate Volatility Expected    ,German CPI                                                                                                      ,In Line with Expectation        ,% ,0.5,0.5,0.5
4/29/2013,7:00:00,Germany                         ,Moderate Volatility Expected    ,German CPI                                                                                                      ,In Line with Expectation        ,% ,-0.5,-0.2,0.5
5/14/2013,1:00:00,Germany                         ,Moderate Volatility Expected    ,German CPI                                                                                                      ,In Line with Expectation        ,% ,-0.5,-0.5,-0.5
5/29/2013,7:00:00,Germany                         ,Moderate Volatility Expected    ,German CPI                                                                                                      ,Better Than Expected            ,% ,0.4,0.2,-0.5
6/12/2013,1:00:00,Germany                         ,Moderate Volatility Expected    ,German CPI                                                                                                      ,In Line with Expectation        ,% ,0.4,0.4,0.4
6/28/2013,7:00:00,Germany                         ,Moderate Volatility Expected    ,German CPI                                                                                                      ,In Line with Expectation        ,% ,0.1,0.1,0.4
7/10/2013,1:00:00,Germany                         ,Moderate Volatility Expected    ,German CPI                                                                                                      ,In Line with Expectation        ,% ,0.1,0.1,0.1
7/30/2013,7:00:00,Germany                         ,Moderate Volatility Expected    ,German CPI                                                                                                      ,Better Than Expected            ,% ,0.5,0.3,0.1
8/13/2013,1:00:00,Germany                         ,Moderate Volatility Expected    ,German CPI                                                                                                      ,In Line with Expectation        ,% ,0.5,0.5,0.5
8/29/2013,7:00:00,Germany                         ,Moderate Volatility Expected    ,German CPI                                                                                                      ,Worse Than Expected             ,% ,0,0.1,0.5
9/11/2013,1:00:00,Germany                         ,Low Volatility Expected         ,German CPI                                                                                                      ,In Line with Expectation        ,% ,1.5,1.5,1.5
9/27/2013,7:00:00,Germany                         ,Moderate Volatility Expected    ,German CPI                                                                                                      ,In Line with Expectation        ,% ,0,0,0
10/11/2013,1:00:00,Germany                         ,Moderate Volatility Expected    ,German CPI                                                                                                      ,In Line with Expectation        ,% ,0,0,0
10/30/2013,8:00:00,Germany                         ,Moderate Volatility Expected    ,German CPI                                                                                                      ,Worse Than Expected             ,% ,-0.2,0.1,0
11/12/2013,2:00:00,Germany                         ,Moderate Volatility Expected    ,German CPI                                                                                                      ,In Line with Expectation        ,% ,-0.2,-0.2,-0.2
11/28/2013,8:00:00,Germany                         ,Moderate Volatility Expected    ,German CPI                                                                                                      ,Better Than Expected            ,% ,0.2,0.1,-0.2
12/11/2013,2:00:00,Germany                         ,Moderate Volatility Expected    ,German CPI                                                                                                      ,In Line with Expectation        ,% ,0.2,0.2,0.2
2014/01/06,8:00:00,Germany                         ,Moderate Volatility Expected    ,German CPI                                                                                                      ,In Line with Expectation        ,% ,0.4,0.4,0.2
2014/01/16,2:00:00,Germany                         ,Moderate Volatility Expected    ,German CPI                                                                                                      ,In Line with Expectation        ,% ,0.4,0.4,0.4
2014/01/30,8:00:00,Germany                         ,Moderate Volatility Expected    ,German CPI                                                                                                      ,Worse Than Expected             ,% ,-0.6,-0.4,0.4
2014/02/13,2:00:00,Germany                         ,Moderate Volatility Expected    ,German CPI                                                                                                      ,In Line with Expectation        ,% ,-0.6,-0.6,-0.6
2014/02/27,8:00:00,Germany                         ,Moderate Volatility Expected    ,German CPI                                                                                                      ,Worse Than Expected             ,% ,0.5,0.6,-0.6
2014/03/14,2:00:00,Germany                         ,Moderate Volatility Expected    ,German CPI                                                                                                      ,In Line with Expectation        ,% ,0.5,0.5,0.5
2014/03/28,8:00:00,Germany                         ,Moderate Volatility Expected    ,German CPI                                                                                                      ,Worse Than Expected             ,% ,0.3,0.4,0.5
2014/04/11,1:00:00,Germany                         ,Moderate Volatility Expected    ,German CPI                                                                                                      ,In Line with Expectation        ,% ,0.3,0.3,0.3
2014/04/29,7:00:00,Germany                         ,Moderate Volatility Expected    ,German CPI                                                                                                      ,Worse Than Expected             ,% ,-0.2,-0.1,0.3
2014/05/14,1:00:00,Germany                         ,Moderate Volatility Expected    ,German CPI                                                                                                      ,In Line with Expectation        ,% ,-0.2,-0.2,-0.2
2014/06/02,7:00:00,Germany                         ,Moderate Volatility Expected    ,German CPI                                                                                                      ,Worse Than Expected             ,% ,-0.1,0.2,-0.2
2014/06/13,1:00:00,Germany                         ,Moderate Volatility Expected    ,German CPI                                                                                                      ,In Line with Expectation        ,% ,-0.1,-0.1,-0.1
2014/06/27,7:00:00,Germany                         ,Moderate Volatility Expected    ,German CPI                                                                                                      ,Better Than Expected            ,% ,0.3,0.2,-0.1
2014/07/11,1:00:00,Germany                         ,Moderate Volatility Expected    ,German CPI                                                                                                      ,In Line with Expectation        ,% ,0.3,0.3,0.3
2014/07/30,7:00:00,Germany                         ,Moderate Volatility Expected    ,German CPI                                                                                                      ,Better Than Expected            ,% ,0.3,0.2,0.3
2014/08/13,1:00:00,Germany                         ,Moderate Volatility Expected    ,German CPI                                                                                                      ,In Line with Expectation        ,% ,0.3,0.3,0.3
2014/08/28,7:00:00,Germany                         ,Moderate Volatility Expected    ,German CPI                                                                                                      ,In Line with Expectation        ,% ,0,0,0.3
2014/09/11,1:00:00,Germany                         ,Moderate Volatility Expected    ,German CPI                                                                                                      ,In Line with Expectation        ,% ,0,0,0
2014/09/29,7:00:00,Germany                         ,Moderate Volatility Expected    ,German CPI                                                                                                      ,Better Than Expected            ,% ,0,-0.1,0
2014/10/15,1:00:00,Germany                         ,Moderate Volatility Expected    ,German CPI                                                                                                      ,In Line with Expectation        ,% ,0,0,0
2014/10/30,8:00:00,Germany                         ,Moderate Volatility Expected    ,German CPI                                                                                                      ,Worse Than Expected             ,% ,-0.3,-0.1,0
2014/11/13,2:00:00,Germany                         ,Moderate Volatility Expected    ,German CPI                                                                                                      ,In Line with Expectation        ,% ,-0.3,-0.3,-0.3
2014/11/27,8:00:00,Germany                         ,Moderate Volatility Expected    ,German CPI                                                                                                      ,In Line with Expectation        ,% ,0,0,-0.3
2014/12/11,2:00:00,Germany                         ,Moderate Volatility Expected    ,German CPI                                                                                                      ,In Line with Expectation        ,% ,0,0,0
2015/01/05,8:00:00,Germany                         ,Moderate Volatility Expected    ,German CPI                                                                                                      ,Worse Than Expected             ,% ,0,0.1,0
2015/01/16,2:00:00,Germany                         ,Moderate Volatility Expected    ,German CPI                                                                                                      ,In Line with Expectation        ,% ,0,0,0
2015/01/29,8:00:00,Germany                         ,Moderate Volatility Expected    ,German CPI                                                                                                      ,Worse Than Expected             ,% ,-1,-0.8,0
2015/02/12,2:00:00,Germany                         ,Moderate Volatility Expected    ,German CPI                                                                                                      ,Worse Than Expected             ,% ,-1.1,-1,-1
2015/02/27,8:00:00,Germany                         ,Moderate Volatility Expected    ,German CPI                                                                                                      ,Better Than Expected            ,% ,0.9,0.7,-1.1
2015/03/12,2:00:00,Germany                         ,Moderate Volatility Expected    ,German CPI                                                                                                      ,In Line with Expectation        ,% ,0.9,0.9,0.9
2015/03/30,7:00:00,Germany                         ,Moderate Volatility Expected    ,German CPI                                                                                                      ,In Line with Expectation        ,% ,0.5,0.5,0.9
2015/04/15,1:00:00,Germany                         ,Moderate Volatility Expected    ,German CPI                                                                                                      ,In Line with Expectation        ,% ,0.5,0.5,0.5
2015/04/29,7:00:00,Germany                         ,Moderate Volatility Expected    ,German CPI                                                                                                      ,In Line with Expectation        ,% ,-0.1,-0.1,0.5
2015/05/13,1:00:00,Germany                         ,Moderate Volatility Expected    ,German CPI                                                                                                      ,Better Than Expected            ,% ,0,-0.1,-0.1
2015/06/01,7:00:00,Germany                         ,Moderate Volatility Expected    ,German CPI                                                                                                      ,In Line with Expectation        ,% ,0.1,0.1,0
2015/06/16,1:00:00,Germany                         ,Moderate Volatility Expected    ,German CPI                                                                                                      ,In Line with Expectation        ,% ,0.1,0.1,0.1
2015/06/29,7:00:00,Germany                         ,Moderate Volatility Expected    ,German CPI                                                                                                      ,Worse Than Expected             ,% ,-0.1,0.1,0.1
2015/07/14,1:00:00,Germany                         ,Moderate Volatility Expected    ,German CPI                                                                                                      ,In Line with Expectation        ,% ,-0.1,-0.1,-0.1
2015/07/30,7:00:00,Germany                         ,Moderate Volatility Expected    ,German CPI                                                                                                      ,Worse Than Expected             ,% ,0.2,0.3,-0.1
2015/08/13,1:00:00,Germany                         ,Moderate Volatility Expected    ,German CPI                                                                                                      ,In Line with Expectation        ,% ,0.2,0.2,0.2
2015/08/28,7:00:00,Germany                         ,Moderate Volatility Expected    ,German CPI                                                                                                      ,Better Than Expected            ,% ,0,-0.1,0.2
2015/09/11,1:00:00,Germany                         ,Moderate Volatility Expected    ,German CPI                                                                                                      ,In Line with Expectation        ,% ,0,0,0
2015/09/29,7:00:00,Germany                         ,Moderate Volatility Expected    ,German CPI                                                                                                      ,Worse Than Expected             ,% ,-0.2,-0.1,0
2015/10/13,1:00:00,Germany                         ,Moderate Volatility Expected    ,German CPI                                                                                                      ,In Line with Expectation        ,% ,-0.2,-0.2,-0.2
2015/10/29,8:00:00,Germany                         ,Moderate Volatility Expected    ,German CPI                                                                                                      ,Better Than Expected            ,% ,0,-0.1,-0.2
2015/11/12,2:00:00,Germany                         ,Moderate Volatility Expected    ,German CPI                                                                                                      ,In Line with Expectation        ,% ,0,0,0
2015/11/30,8:00:00,Germany                         ,Moderate Volatility Expected    ,German CPI                                                                                                      ,In Line with Expectation        ,% ,0.1,0.1,0
2015/12/11,2:00:00,Germany                         ,Moderate Volatility Expected    ,German CPI                                                                                                      ,In Line with Expectation        ,% ,0.1,0.1,0.1
2016/01/04,8:00:00,Germany                         ,Moderate Volatility Expected    ,German CPI                                                                                                      ,Worse Than Expected             ,% ,-0.1,0.2,0.1
2016/01/19,2:00:00,Germany                         ,Moderate Volatility Expected    ,German CPI                                                                                                      ,In Line with Expectation        ,% ,-0.1,-0.1,-0.1
2016/01/28,8:00:00,Germany                         ,Moderate Volatility Expected    ,German CPI                                                                                                      ,In Line with Expectation        ,% ,-0.8,-0.8,-0.1
2016/02/12,2:00:00,Germany                         ,Moderate Volatility Expected    ,German CPI                                                                                                      ,In Line with Expectation        ,% ,-0.8,-0.8,-0.8
2016/02/26,8:00:00,Germany                         ,Moderate Volatility Expected    ,German CPI                                                                                                      ,Worse Than Expected             ,% ,0.4,0.5,-0.8
2016/03/11,2:00:00,Germany                         ,Moderate Volatility Expected    ,German CPI                                                                                                      ,In Line with Expectation        ,% ,0.4,0.4,0.4
2016/03/30,7:00:00,Germany                         ,Moderate Volatility Expected    ,German CPI                                                                                                      ,Better Than Expected            ,% ,0.8,0.6,0.4
2016/04/12,1:00:00,Germany                         ,Moderate Volatility Expected    ,German CPI                                                                                                      ,In Line with Expectation        ,% ,0.8,0.8,0.8
2016/04/28,7:00:00,Germany                         ,Moderate Volatility Expected    ,German CPI                                                                                                      ,In Line with Expectation        ,% ,-0.2,-0.2,0.8
2016/05/13,1:00:00,Germany                         ,Moderate Volatility Expected    ,German CPI                                                                                                      ,In Line with Expectation        ,% ,-0.4,-0.4,-0.4
2016/05/30,7:00:00,Germany                         ,Moderate Volatility Expected    ,German CPI                                                                                                      ,In Line with Expectation        ,% ,0.3,0.3,-0.4
2016/06/10,1:00:00,Germany                         ,Moderate Volatility Expected    ,German CPI                                                                                                      ,In Line with Expectation        ,% ,0.3,0.3,0.3
2016/06/29,7:00:00,Germany                         ,Moderate Volatility Expected    ,German CPI                                                                                                      ,Worse Than Expected             ,% ,0.1,0.2,0.3
2016/07/12,1:00:00,Germany                         ,Moderate Volatility Expected    ,German CPI                                                                                                      ,In Line with Expectation        ,% ,0.1,0.1,0.1
2016/07/28,7:00:00,Germany                         ,Moderate Volatility Expected    ,German CPI                                                                                                      ,Better Than Expected            ,% ,0.3,0.2,0.1
2016/08/12,1:00:00,Germany                         ,Moderate Volatility Expected    ,German CPI                                                                                                      ,In Line with Expectation        ,% ,0.3,0.3,0.3
2016/08/30,7:00:00,Germany                         ,Moderate Volatility Expected    ,German CPI                                                                                                      ,Worse Than Expected             ,% ,0,0.1,0.3
2016/09/13,1:00:00,Germany                         ,Moderate Volatility Expected    ,German CPI                                                                                                      ,In Line with Expectation        ,% ,0,0,0
2016/09/29,7:00:00,Germany                         ,Moderate Volatility Expected    ,German CPI                                                                                                      ,Better Than Expected            ,% ,0.1,0,0
2016/10/13,1:00:00,Germany                         ,Moderate Volatility Expected    ,German CPI                                                                                                      ,In Line with Expectation        ,% ,0.1,0.1,0.1
2016/10/28,7:00:00,Germany                         ,Moderate Volatility Expected    ,German CPI                                                                                                      ,Better Than Expected            ,% ,0.2,0.1,0.1
2016/11/11,2:00:00,Germany                         ,Moderate Volatility Expected    ,German CPI                                                                                                      ,In Line with Expectation        ,% ,0.2,0.2,0.2
2016/11/29,8:00:00,Germany                         ,Moderate Volatility Expected    ,German CPI                                                                                                      ,In Line with Expectation        ,% ,0.1,0.1,0.2
2016/12/13,2:00:00,Germany                         ,Moderate Volatility Expected    ,German CPI                                                                                                      ,In Line with Expectation        ,% ,0.1,0.1,0.1
2017/01/03,8:00:00,Germany                         ,Moderate Volatility Expected    ,German CPI                                                                                                      ,Better Than Expected            ,% ,0.7,0.6,0.1
2017/01/18,2:00:00,Germany                         ,Moderate Volatility Expected    ,German CPI                                                                                                      ,In Line with Expectation        ,% ,0.7,0.7,0.7
2017/01/30,8:00:00,Germany                         ,Moderate Volatility Expected    ,German CPI                                                                                                      ,In Line with Expectation        ,% ,-0.6,-0.6,0.7
2017/02/14,2:00:00,Germany                         ,Moderate Volatility Expected    ,German CPI                                                                                                      ,In Line with Expectation        ,% ,-0.6,-0.6,-0.6
2017/03/01,8:00:00,Germany                         ,Moderate Volatility Expected    ,German CPI                                                                                                      ,In Line with Expectation        ,% ,0.6,0.6,-0.6
2017/03/14,2:00:00,Germany                         ,Moderate Volatility Expected    ,German CPI                                                                                                      ,In Line with Expectation        ,% ,0.6,0.6,0.6
2017/03/30,7:00:00,Germany                         ,Moderate Volatility Expected    ,German CPI                                                                                                      ,Worse Than Expected             ,% ,0.2,0.4,0.6
2017/04/13,1:00:00,Germany                         ,Moderate Volatility Expected    ,German CPI                                                                                                      ,In Line with Expectation        ,% ,0.2,0.2,0.2
2017/04/27,7:00:00,Germany                         ,Moderate Volatility Expected    ,German CPI                                                                                                      ,Better Than Expected            ,% ,0,-0.1,0.2
2017/05/12,1:00:00,Germany                         ,Moderate Volatility Expected    ,German CPI                                                                                                      ,In Line with Expectation        ,% ,0,0,0
2017/05/30,7:00:00,Germany                         ,Moderate Volatility Expected    ,German CPI                                                                                                      ,Worse Than Expected             ,% ,-0.2,-0.1,0
2017/06/14,1:00:00,Germany                         ,Moderate Volatility Expected    ,German CPI                                                                                                      ,In Line with Expectation        ,% ,-0.2,-0.2,-0.2
2017/06/29,7:00:00,Germany                         ,Moderate Volatility Expected    ,German CPI                                                                                                      ,Better Than Expected            ,% ,0.2,0,-0.2
2017/07/13,1:00:00,Germany                         ,Moderate Volatility Expected    ,German CPI                                                                                                      ,In Line with Expectation        ,% ,0.2,0.2,0.2
2017/07/28,5:00:00,Germany                         ,Moderate Volatility Expected    ,German CPI                                                                                                      ,Better Than Expected            ,% ,0.4,0.2,0.2
2017/08/11,1:00:00,Germany                         ,Moderate Volatility Expected    ,German CPI                                                                                                      ,In Line with Expectation        ,% ,0.4,0.4,0.4
2017/08/30,7:00:00,Germany                         ,Moderate Volatility Expected    ,German CPI                                                                                                      ,In Line with Expectation        ,% ,0.1,0.1,0.4
2017/09/13,1:00:00,Germany                         ,Moderate Volatility Expected    ,German CPI                                                                                                      ,In Line with Expectation        ,% ,0.1,0.1,0.1
2017/09/28,7:00:00,Germany                         ,Moderate Volatility Expected    ,German CPI                                                                                                      ,In Line with Expectation        ,% ,0.1,0.1,0.1
2017/10/13,1:00:00,Germany                         ,Moderate Volatility Expected    ,German CPI                                                                                                      ,In Line with Expectation        ,% ,0.1,0.1,0.1
2017/10/30,8:00:00,Germany                         ,Moderate Volatility Expected    ,German CPI                                                                                                      ,Worse Than Expected             ,% ,0,0.1,0.1
2017/11/14,2:00:00,Germany                         ,Moderate Volatility Expected    ,German CPI                                                                                                      ,In Line with Expectation        ,% ,0,0,0
2017/11/29,8:00:00,Germany                         ,Moderate Volatility Expected    ,German CPI                                                                                                      ,In Line with Expectation        ,% ,0.3,0.3,0
2017/12/13,2:00:00,Germany                         ,Moderate Volatility Expected    ,German CPI                                                                                                      ,In Line with Expectation        ,% ,0.3,0.3,0.3
2017/12/29,8:00:00,Germany                         ,Moderate Volatility Expected    ,German CPI                                                                                                      ,Better Than Expected            ,% ,0.6              ,0.50,0.30
2018/01/16,2:00:00,Germany                         ,Moderate Volatility Expected    ,German CPI                                                                                                      ,In Line with Expectation        ,% ,0.6              ,0.60,0.60
2018/01/30,8:00:00,Germany                         ,Moderate Volatility Expected    ,German CPI                                                                                                      ,Worse Than Expected             ,% ,-0.7             ,-0.50,0.60
2018/02/14,2:00:00,Germany                         ,Moderate Volatility Expected    ,German CPI                                                                                                      ,In Line with Expectation        ,% ,-0.7             ,-0.70,-0.70
2018/02/27,9:00:00,Germany                         ,Moderate Volatility Expected    ,German CPI                                                                                                      ,In Line with Expectation        ,% ,0.5              ,0.50,-0.70
2018/03/14,3:00:00,Germany                         ,Moderate Volatility Expected    ,German CPI                                                                                                      ,In Line with Expectation        ,% ,0.5              ,0.50,0.50
2018/03/29,8:00:00,Germany                         ,Moderate Volatility Expected    ,German CPI                                                                                                      ,Worse Than Expected             ,% ,0.4              ,0.50,0.50
2018/04/13,2:00:00,Germany                         ,Moderate Volatility Expected    ,German CPI                                                                                                      ,In Line with Expectation        ,% ,0.4              ,0.40,0.40
2018/04/30,8:00:00,Germany                         ,Moderate Volatility Expected    ,German CPI                                                                                                      ,Better Than Expected            ,% ,0.0              ,-0.10,0.40
2018/05/16,2:00:00,Germany                         ,Moderate Volatility Expected    ,German CPI                                                                                                      ,In Line with Expectation        ,% ,0.0              ,0.00,0.00
2018/05/30,8:00:00,Germany                         ,Moderate Volatility Expected    ,German CPI                                                                                                      ,Better Than Expected            ,% ,0.5              ,0.30,0.00
2018/06/14,2:00:00,Germany                         ,Moderate Volatility Expected    ,German CPI                                                                                                      ,In Line with Expectation        ,% ,0.5              ,0.50,0.50
2018/06/28,8:00:00,Germany                         ,Moderate Volatility Expected    ,German CPI                                                                                                      ,Worse Than Expected             ,% ,0.1              ,0.20,0.50
2018/07/12,2:00:00,Germany                         ,Moderate Volatility Expected    ,German CPI                                                                                                      ,In Line with Expectation        ,% ,0.1              ,0.10,0.10
2018/07/30,8:00:00,Germany                         ,Moderate Volatility Expected    ,German CPI                                                                                                      ,Worse Than Expected             ,% ,0.3              ,0.40,0.10
2018/08/14,2:00:00,Germany                         ,Moderate Volatility Expected    ,German CPI                                                                                                      ,In Line with Expectation        ,% ,0.3              ,0.30,0.30
2018/08/30,8:00:00,Germany                         ,Moderate Volatility Expected    ,German CPI                                                                                                      ,In Line with Expectation        ,% ,0.1              ,0.10,0.30
2018/09/13,1:00:00,Germany                         ,Moderate Volatility Expected    ,German CPI                                                                                                      ,In Line with Expectation        ,% ,0.1              ,0.10,0.10
2018/09/27,7:00:00,Germany                         ,Moderate Volatility Expected    ,German CPI                                                                                                      ,Better Than Expected            ,% ,0.4              ,0.10,0.10
2018/10/12,1:00:00,Germany                         ,Moderate Volatility Expected    ,German CPI                                                                                                      ,In Line with Expectation        ,% ,0.4              ,0.40,0.40
2018/10/30,8:00:00,Germany                         ,Moderate Volatility Expected    ,German CPI                                                                                                      ,Better Than Expected            ,% ,0.2              ,0.10,0.40
2018/11/13,2:00:00,Germany                         ,Moderate Volatility Expected    ,German CPI                                                                                                      ,In Line with Expectation        ,% ,0.2              ,0.20,0.20
2018/11/29,8:00:00,Germany                         ,Moderate Volatility Expected    ,German CPI                                                                                                      ,Worse Than Expected             ,% ,0.1              ,0.20,0.20
2018/12/13,2:00:00,Germany                         ,Moderate Volatility Expected    ,German CPI                                                                                                      ,In Line with Expectation        ,% ,0.1              ,0.10,0.10
2018/12/28,8:00:00,Germany                         ,Moderate Volatility Expected    ,German CPI                                                                                                      ,Worse Than Expected             ,% ,0.1              ,0.30,0.10
2019/01/16,2:00:00,Germany                         ,Moderate Volatility Expected    ,German CPI                                                                                                      ,In Line with Expectation        ,% ,0.1,0.1,0.1
2019/01/30,8:00:00,Germany                         ,Moderate Volatility Expected    ,German CPI                                                                                                      ,Better Than Expected            ,% ,-0.8,-0.9,-0.8
2019/02/21,3:00:00,Germany                         ,Moderate Volatility Expected    ,German CPI                                                                                                      ,In Line with Expectation        ,% ,-0.8,-0.8,-0.8
2019/02/28,9:00:00,Germany                         ,Moderate Volatility Expected    ,German CPI                                                                                                      ,In Line with Expectation        ,% ,0.5,0.5,-0.8
2019/03/14,3:00:00,Germany                         ,Moderate Volatility Expected    ,German CPI                                                                                                      ,Worse Than Expected             ,% ,0.4,0.5,0.5
2019/03/28,9:00:00,Germany                         ,Moderate Volatility Expected    ,German CPI                                                                                                      ,Worse Than Expected             ,% ,0.4,0.6,0.4
2019/04/11,2:00:00,Germany                         ,Moderate Volatility Expected    ,German CPI                                                                                                      ,In Line with Expectation        ,% ,0.4,0.4,0.4
2019/04/30,8:00:00,Germany                         ,Moderate Volatility Expected    ,German CPI                                                                                                      ,Better Than Expected            ,% ,1,0.5,0.4
2019/05/14,2:00:00,Germany                         ,Moderate Volatility Expected    ,German CPI                                                                                                      ,In Line with Expectation        ,% ,1,1,1
2019/05/31,8:00:00,Germany                         ,Moderate Volatility Expected    ,German CPI                                                                                                      ,Worse Than Expected             ,% ,0.2,0.3,1
2019/06/13,1:00:00,Germany                         ,Moderate Volatility Expected    ,German CPI                                                                                                      ,In Line with Expectation        ,% ,0.2,0.2,0.2
2019/06/27,7:00:00,Germany                         ,Moderate Volatility Expected    ,German CPI                                                                                                      ,Better Than Expected            ,% ,0.3,0.2,0.2
2019/07/11,1:00:00,Germany                         ,Moderate Volatility Expected    ,German CPI                                                                                                      ,In Line with Expectation        ,% ,0.3,0.3,0.3
2019/07/30,7:00:00,Germany                         ,Moderate Volatility Expected    ,German CPI                                                                                                      ,Better Than Expected            ,% ,0.5,0.3,0.3
2019/08/13,1:00:00,Germany                         ,Moderate Volatility Expected    ,German CPI                                                                                                      ,In Line with Expectation        ,% ,0.5,0.5,0.5
2019/08/29,7:00:00,Germany                         ,Moderate Volatility Expected    ,German CPI                                                                                                      ,Worse Than Expected             ,% ,-0.2,-0.1,0.5
2019/09/12,1:00:00,Germany                         ,Moderate Volatility Expected    ,German CPI                                                                                                      ,In Line with Expectation        ,% ,-0.2,-0.2,0.5
2019/09/30,7:00:00,Germany                         ,Moderate Volatility Expected    ,German CPI                                                                                                      ,Worse Than Expected             ,% ,0,0.1,-0.2
2019/10/11,1:00:00,Germany                         ,Moderate Volatility Expected    ,German CPI                                                                                                      ,In Line with Expectation        ,% ,0,0,-0.2
2019/10/30,8:00:00,Germany                         ,Moderate Volatility Expected    ,German CPI                                                                                                      ,,% ,0.1,,0
2019/11/13,2:00:00,Germany                         ,Moderate Volatility Expected    ,German CPI                                                                                                      ,In Line with Expectation        ,% ,0.1,0.1,0.1
2019/11/28,8:00:00,Germany                         ,Moderate Volatility Expected    ,German CPI                                                                                                      ,Worse Than Expected             ,% ,-0.8,-0.6,0.1
2019/12/12,2:00:00,Germany                         ,Moderate Volatility Expected    ,German CPI                                                                                                      ,In Line with Expectation        ,% ,-0.8,-0.8,0.1
2020/01/03,8:00:00,Germany                         ,Moderate Volatility Expected    ,German CPI                                                                                                      ,Better Than Expected            ,% ,0.5,0.4,-0.8
2020/01/16,2:00:00,Germany                         ,Moderate Volatility Expected    ,German CPI                                                                                                      ,In Line with Expectation        ,% ,0.5,0.5,0.5
2020/01/30,8:00:00,Germany                         ,Moderate Volatility Expected    ,German CPI                                                                                                      ,In Line with Expectation        ,% ,-0.6,-0.6,0.5
2020/02/13,3:00:00,Germany                         ,Moderate Volatility Expected    ,German CPI                                                                                                      ,In Line with Expectation        ,% ,-0.6,-0.6,-0.6
2020/02/28,9:00:00,Germany                         ,Moderate Volatility Expected    ,German CPI                                                                                                      ,Better Than Expected            ,% ,0.4,0.3,-0.6
2020/03/13,3:00:00,Germany                         ,Moderate Volatility Expected    ,German CPI                                                                                                      ,In Line with Expectation        ,% ,0.4,0.4,-0.6
2020/03/30,8:00:00,Germany                         ,Moderate Volatility Expected    ,German CPI                                                                                                      ,In Line with Expectation        ,% ,0.1,0.1,0.4
2020/04/16,2:00:00,Germany                         ,Moderate Volatility Expected    ,German CPI                                                                                                      ,In Line with Expectation        ,% ,0.1,0.1,0.4
2020/04/29,8:00:00,Germany                         ,Moderate Volatility Expected    ,German CPI                                                                                                      ,Better Than Expected            ,% ,0.3,0.1,0.1
2020/05/14,2:00:00,Germany                         ,Moderate Volatility Expected    ,German CPI                                                                                                      ,Better Than Expected            ,% ,0.4,0.3,0.1
2020/05/28,8:00:00,Germany                         ,Moderate Volatility Expected    ,German CPI                                                                                                      ,In Line with Expectation        ,% ,-0.1,-0.1,0.4
2020/06/16,2:00:00,Germany                         ,Moderate Volatility Expected    ,German CPI                                                                                                      ,In Line with Expectation        ,% ,-0.1,-0.1,-0.1
2020/06/29,8:00:00,Germany                         ,Moderate Volatility Expected    ,German CPI                                                                                                      ,Better Than Expected            ,% ,0.6,0.3,-0.1
2020/07/14,2:00:00,Germany                         ,Moderate Volatility Expected    ,German CPI                                                                                                      ,In Line with Expectation        ,% ,0.6,0.6,-0.1
2020/07/30,8:00:00,Germany                         ,Moderate Volatility Expected    ,German CPI                                                                                                      ,Worse Than Expected             ,% ,-0.5,-0.2,0.6
2020/08/13,2:00:00,Germany                         ,Moderate Volatility Expected    ,German CPI                                                                                                      ,In Line with Expectation        ,% ,-0.5,-0.5,0.6
2020/08/31,8:00:00,Germany                         ,Moderate Volatility Expected    ,German CPI                                                                                                      ,Better Than Expected            ,% ,-0.1,-0.2,-0.5
